Categoría,Etiqueta,Descripción,Uso en Prompt
Género Vocal,Male Vocal/Singer,Especifica voces masculinas,Se puede usar en el estilo o como [Male Vocal/Singer]
Género Vocal,Female Vocal/Singer,Especifica voces femeninas,Se puede usar en el estilo o como [Female Vocal/Singer]
Género Vocal,Duet,Indica un dúo,Se puede usar en el estilo o como [Duet]
Género Vocal,Choir/Gospel Choir,Añade coros,Se puede usar en el estilo o como [Choir/Gospel Choir]
Género Vocal,Children Voice,Voz de niño/niña,Se puede usar en el estilo o como [Children Voice]
Género Vocal,Toddler Voice,Voz de bebé/infante,Se puede usar en el estilo o como [Toddler Voice]
Rangos Vocales,Tenor,Rango vocal masculino agudo (no confirmado oficialmente),Se puede usar en el estilo o como [Tenor]
Rangos Vocales,Baritone/Bass Male Vocal,Rango vocal masculino grave,Se puede usar en el estilo o como [Baritone/Bass Male Vocal]
Rangos Vocales,Soprano,Rango vocal femenino agudo (no confirmado oficialmente),Se puede usar en el estilo o como [Soprano]
Rangos Vocales,Alto,Rango vocal femenino grave (no confirmado oficialmente),Se puede usar en el estilo o como [Alto]
Rangos Vocales,Contralto,Rango vocal femenino más grave,Se puede usar en el estilo o como [Contralto]
Rangos Vocales,Operatic Soprano,Soprano operística,Se puede usar en el estilo o como [Operatic Soprano]
Rangos Vocales,Operatic Contralto,Contralto operática,Se puede usar en el estilo o como [Operatic Contralto]
Estilos Vocales Rock/Metal,Clean Vocals,Voces limpias melódicas,Se puede usar en el estilo o como [Clean Vocals]
Estilos Vocales Rock/Metal,Growling,Técnica gutural grave (death metal),Se puede usar en el estilo o como [Growling]
Estilos Vocales Rock/Metal,Screaming,Gritos agudos intensos,Se puede usar en el estilo o como [Screaming]
Estilos Vocales Rock/Metal,Fry Screaming,Gritos ásperos y distorsionados,Se puede usar en el estilo o como [Fry Screaming]
Estilos Vocales Rock/Metal,Pig Squeals,Chillidos extremos (brutal death metal),Se puede usar en el estilo o como [Pig Squeals]
Estilos Vocales Rock/Metal,Harsh Vocals,Voces duras/ásperas,Se puede usar en el estilo o como [Harsh Vocals]
Estilos Vocales Rock/Metal,Raw Vocals,Voces crudas,Se puede usar en el estilo o como [Raw Vocals]
Estilos Vocales Rock/Metal,Primal Scream,Grito primitivo,Se puede usar en el estilo o como [Primal Scream]
Estilos Vocales Rock/Metal,Infernal Scream,Grito infernal,Se puede usar en el estilo o como [Infernal Scream]
Estilos Vocales Rock/Metal,Yell Chorus,Coro gritado,Se puede usar en el estilo o como [Yell Chorus]
Estilos Vocales Rock/Metal,Power Vocals,Voces poderosas,Se puede usar en el estilo o como [Power Vocals]
Estilos Vocales Rock/Metal,Aggressive Vocals,Voces agresivas,Se puede usar en el estilo o como [Aggressive Vocals]
Estilos Vocales Rock/Metal,Brutal Vocals,Voces brutales,Se puede usar en el estilo o como [Brutal Vocals]
Estilos Vocales Rock/Metal,Death Growls,Gruñidos de death metal,Se puede usar en el estilo o como [Death Growls]
Estilos Vocales Rock/Metal,Black Metal Screams,Gritos de black metal,Se puede usar en el estilo o como [Black Metal Screams]
Estilos Vocales Rock/Metal,Metalcore Vocals,Voces de metalcore,Se puede usar en el estilo o como [Metalcore Vocals]
Estilos Vocales Rock/Metal,Melodic Harsh Vocals,Voces duras melódicas,Se puede usar en el estilo o como [Melodic Harsh Vocals]
Técnicas Vocales Específicas,Belting,Técnica de canto potente,Se puede usar en el estilo o como [Belting]
Técnicas Vocales Específicas,Whisper,Susurros,Se puede usar en el estilo o como [Whisper]
Técnicas Vocales Específicas,Spoken Word,Palabra hablada,Se puede usar en el estilo o como [Spoken Word]
Técnicas Vocales Específicas,Rap Verse,Verso de rap,Se puede usar en el estilo o como [Rap Verse]
Técnicas Vocales Específicas,Gregorian Chant,Canto gregoriano,Se puede usar en el estilo o como [Gregorian Chant]
Técnicas Vocales Específicas,Melismatic,Ornamentación vocal,Se puede usar en el estilo o como [Melismatic]
Técnicas Vocales Específicas,Sprechgesang,Medio hablar medio cantar,Se puede usar en el estilo o como [Sprechgesang]
Técnicas Vocales Específicas,Vocaloid,Estilo sintético,Se puede usar en el estilo o como [Vocaloid]
Técnicas Vocales Específicas,Narration,Narración,Se puede usar en el estilo o como [Narration]
Técnicas Vocales Específicas,Female Narrator,Narradora femenina,Se puede usar en el estilo o como [Female Narrator]
Técnicas Vocales Específicas,Male Narrator,Narrador masculino,Se puede usar en el estilo o como [Male Narrator]
Efectos y Texturas Vocales,Reverb,Reverberación,Se puede usar en el estilo o como [Reverb]
Efectos y Texturas Vocales,Echo/Delay,Eco/Delay,Se puede usar en el estilo o como [Echo/Delay]
Efectos y Texturas Vocales,Distorted Vocals,Voces distorsionadas,Se puede usar en el estilo o como [Distorted Vocals]
Efectos y Texturas Vocales,Autotuned,Con autotune,Se puede usar en el estilo o como [Autotuned]
Efectos y Texturas Vocales,Harmonized Chorus,Coro armonizado,Se puede usar en el estilo o como [Harmonized Chorus]
Efectos y Texturas Vocales,Stacked Harmonies,Armonías apiladas,Se puede usar en el estilo o como [Stacked Harmonies]
Efectos y Texturas Vocales,Echoing Vocals,Voces con eco,Se puede usar en el estilo o como [Echoing Vocals]
Efectos y Texturas Vocales,Sultry,Seductor,Se puede usar en el estilo o como [Sultry]
Efectos y Texturas Vocales,Resonant,Resonante,Se puede usar en el estilo o como [Resonant]
Efectos y Texturas Vocales,Ethereal,Etéreo,Se puede usar en el estilo o como [Ethereal]
Efectos y Texturas Vocales,Lounge Singer,Cantante de lounge,Se puede usar en el estilo o como [Lounge Singer]
Efectos y Texturas Vocales,Emotional,Emocional,Se puede usar en el estilo o como [Emotional]
Efectos y Texturas Vocales,Breathy,Con aire/respiración,Se puede usar en el estilo o como [Breathy]
Efectos y Texturas Vocales,Vibrato,Con vibrato,Se puede usar en el estilo o como [Vibrato]
Efectos y Texturas Vocales,Raspy,Áspero,Se puede usar en el estilo o como [Raspy]
Efectos y Texturas Vocales,Gritty,Arenoso/rugoso,Se puede usar en el estilo o como [Gritty]
Géneros Específicos Rock/Metal,Hard Rock Vocals,Voces de hard rock,Se puede usar en el estilo o como [Hard Rock Vocals]
Géneros Específicos Rock/Metal,Heavy Metal Vocals,Voces de heavy metal,Se puede usar en el estilo o como [Heavy Metal Vocals]
Géneros Específicos Rock/Metal,Power Metal Vocals,Voces de power metal,Se puede usar en el estilo o como [Power Metal Vocals]
Géneros Específicos Rock/Metal,Gothic Metal Vocals,Voces de gothic metal,Se puede usar en el estilo o como [Gothic Metal Vocals]
Géneros Específicos Rock/Metal,Doom Metal Vocals,Voces de doom metal,Se puede usar en el estilo o como [Doom Metal Vocals]
Géneros Específicos Rock/Metal,Death Metal Vocals,Voces de death metal,Se puede usar en el estilo o como [Death Metal Vocals]
Géneros Específicos Rock/Metal,Black Metal Vocals,Voces de black metal,Se puede usar en el estilo o como [Black Metal Vocals]
Géneros Específicos Rock/Metal,Thrash Metal Vocals,Voces de thrash metal,Se puede usar en el estilo o como [Thrash Metal Vocals]
Géneros Específicos Rock/Metal,Progressive Metal Vocals,Voces de metal progresivo,Se puede usar en el estilo o como [Progressive Metal Vocals]
Géneros Específicos Rock/Metal,Symphonic Metal Vocals,Voces de metal sinfónico,Se puede usar en el estilo o como [Symphonic Metal Vocals]
Géneros Específicos Rock/Metal,Folk Metal Vocals,Voces de folk metal,Se puede usar en el estilo o como [Folk Metal Vocals]
Géneros Específicos Rock/Metal,Industrial Metal Vocals,Voces de metal industrial,Se puede usar en el estilo o como [Industrial Metal Vocals]
Géneros Específicos Rock/Metal,Nu Metal Vocals,Voces de nu metal,Se puede usar en el estilo o como [Nu Metal Vocals]
Géneros Específicos Rock/Metal,Alternative Metal Vocals,Voces de metal alternativo,Se puede usar en el estilo o como [Alternative Metal Vocals]
Géneros Específicos Rock/Metal,Melodic Death Metal Vocals,Voces de death metal melódico,Se puede usar en el estilo o como [Melodic Death Metal Vocals]
Géneros Específicos Rock/Metal,Metalcore Vocals,Voces de metalcore,Se puede usar en el estilo o como [Metalcore Vocals]
Géneros Específicos Rock/Metal,Deathcore Vocals,Voces de deathcore,Se puede usar en el estilo o como [Deathcore Vocals]
Géneros Específicos Rock/Metal,Post-Metal Vocals,Voces de post-metal,Se puede usar en el estilo o como [Post-Metal Vocals]
Etiquetas de Sección para Voces,[Vocal Solo],Solo vocal,Se puede usar en el estilo o como [[Vocal Solo]]
Etiquetas de Sección para Voces,[Diva Solo],Solo de diva,Se puede usar en el estilo o como [[Diva Solo]]
Etiquetas de Sección para Voces,[Gospel Choir],Coro gospel,Se puede usar en el estilo o como [[Gospel Choir]]
Etiquetas de Sección para Voces,[Anthem Chorus],Coro himno,Se puede usar en el estilo o como [[Anthem Chorus]]
Etiquetas de Sección para Voces,[Harmonized Verse],Verso armonizado,Se puede usar en el estilo o como [[Harmonized Verse]]
Etiquetas de Sección para Voces,[Scream Section],Sección de gritos,Se puede usar en el estilo o como [[Scream Section]]
Etiquetas de Sección para Voces,[Clean Chorus],Coro limpio,Se puede usar en el estilo o como [[Clean Chorus]]
Etiquetas de Sección para Voces,[Harsh Verse],Verso duro,Se puede usar en el estilo o como [[Harsh Verse]]
Etiquetas de Sección para Voces,[Vocal Break],Pausa vocal,Se puede usar en el estilo o como [[Vocal Break]]
Etiquetas de Sección para Voces,[A Cappella],A cappella,Se puede usar en el estilo o como [[A Cappella]]
